title,company,location,link
시스템 엔지니어,한국쓰리엠,전라남도,https://kr.indeed.com/viewjob?jk=c6f5313c0bb3bc73
[아이콘트롤스] 2021년 하반기 경력사원 모집,현대산업개발,서울특별시,https://kr.indeed.com/viewjob?jk=79b0a7b5d7be505d
[NCS취업교육] 자바·모바일 실무개발자 취업교육 훈련생,아이티윌 부산교육센터,부산 부산진구,https://kr.indeed.com/viewjob?jk=98ff85e85b591c9b
[ 부산 IT 교육 ] 쉽게 배우는 자바 웹 개발자 취업과정 A,아이티윌 부산교육센터,부산 부산진구,https://kr.indeed.com/viewjob?jk=224df9d95161d1d0
2021년 하반기 Python/백엔드/프론트엔드/PHP,블루오션영어조합법인,경상남도 통영,https://kr.indeed.com/viewjob?jk=578e3e5a5bd7b10d
"빅데이터, 인공지능(AI) 외 신입/경력 인턴",스칼라웍스,대한민국,https://kr.indeed.com/viewjob?jk=dfb20fa220f3c478
데이터 플랫폼 개발 및 데이터 분석 경력사원,LG전자,서울특별시,https://kr.indeed.com/viewjob?jk=d307d0e3b2cfe5e7
2021년 일본IT 해외취업 과정 / 하이브리드 소프트웨어 전문가 과정 51기 교육생,제이에스엘인재개발원,대전 중구,https://kr.indeed.com/viewjob?jk=1dd8681b1274d8d8
시스템 개발 신입사원 모집,교보문고,대한민국,https://kr.indeed.com/viewjob?jk=a0bc80a2fcbbc8a3
2021년 (신입) 전문연구요원 모집,NHN,성남 판교역,https://kr.indeed.com/viewjob?jk=9acc17c535b42959
"[전주]-[신입/경력]랜선하우스 웹개발, Python",랜선하우스부동산투어,전주 완산구,https://kr.indeed.com/viewjob?jk=8b4bf6a9bddc4d7e
2021년 한국능률협회컨설팅 신입/경력 직원 공개,한국능률협회컨설팅,서울 영등포구,https://kr.indeed.com/viewjob?jk=04d3eeee4887e068
데이터 분석가/사이언티스트(신입/인턴 가능),쏘카,제주도 제주,https://kr.indeed.com/viewjob?jk=55584c627df1acaa
Security 개발 경력사원,LG전자,서울특별시,https://kr.indeed.com/viewjob?jk=2631e81f78ea7b6b
'21년 현대중공업그룹 연구 신입 및 경력 (수시 2차),현대중공업그룹,성남 분당구,https://kr.indeed.com/viewjob?jk=1ed7d5ac88845d0f
"[국비교육/연계] ADT캡스(구 SK인포섹) 클라우드보안, 데이터보안 전문가 양성과정 교육생",에이디티캡스,경기도,https://kr.indeed.com/viewjob?jk=b341f2c493dfecfa
AI/DX 대기업계열사,,서울특별시,https://kr.indeed.com/viewjob?jk=bfa15ae6228f1449
[kt ds]2021년 각 부문별 경력사원 수시,케이티디에스,서울 서초구,https://kr.indeed.com/viewjob?jk=ef62b0e22d2dd6a2
[LNG발전소] 데이터분석 전문가,에이스파트너스서치펌,충청남도,https://kr.indeed.com/viewjob?jk=ee0292c7c2849697
(주)풀무원 데이터분석 & 수요예측 전문가 채용,풀무원,서울특별시,https://kr.indeed.com/viewjob?jk=8c1badb775de6109
프랭클린템플턴투신운용 Junior Trader (Quant base 필수),프랭클린템플턴투신,대한민국,https://kr.indeed.com/viewjob?jk=4adac8923476d038
인공지능 등 신기술 분야 경력직 인재,키움증권,대한민국,https://kr.indeed.com/viewjob?jk=cb21526dd46b0f90
DGIST 2019년 제1차 계약직원 공개채용 공고,대구경북과학기술원,대구 현풍면,https://kr.indeed.com/viewjob?jk=4cd34228af5013fd
전문연구요원 (병역특례) 수시 (AI / HW 분야),딥엑스,성남 분당구,https://kr.indeed.com/viewjob?jk=78e99625e5de3c95
"Python, 인공지능(AI) 외 신입/경력 정규직",피디에프솔루션세미컨덕터테크놀로지코리아,성남 분당구,https://kr.indeed.com/viewjob?jk=45e2530522c7472a
2021년 스마트팩토리 및 품질관리 전문인력 양성과정 교육생,한국자동차연구원,천안 동남구,https://kr.indeed.com/viewjob?jk=bd193d0bff4cc42f
STT TTS NLP Chatbot Machine Learning Deep Learning Researche...,국내 대표 대기업 계열사,서울,https://kr.indeed.com/viewjob?jk=f73461f8378f345c
[보안기술] 보안 솔루션 엔지니어(정규직),위메프,대한민국,https://kr.indeed.com/viewjob?jk=05121752364559cb
2021년 하반기 로봇연구직,그란코,안산 단원구,https://kr.indeed.com/viewjob?jk=3fc3dccc403fbcdf
Software Engineer - Front-End,"Seoul Robotics Co., Ltd.",서울,https://kr.indeed.com/viewjob?jk=4c3ba5f4766e22be
품질센터 인재 Pool 등록 (8월 경력),LG에너지솔루션,청주 오창읍,https://kr.indeed.com/viewjob?jk=7cdcfaeb2ddc43a9
경남형 스마트일자리 전문인력 양성사업 교육생,인제대학교 산학협력단,경상남도,https://kr.indeed.com/viewjob?jk=a70c4c91569d3588
서비스플랫폼 개발 경력사원,LG전자,서울특별시,https://kr.indeed.com/viewjob?jk=016bb0f03337381c
Deep Learning Researcher (Intern),Qualcomm Korea YH,서울,https://kr.indeed.com/viewjob?jk=0f7993638aee82bd
데이터 컨설팅 및 분석 분야 경력직 (정규직),한국정보기술단,과천 과천시,https://kr.indeed.com/viewjob?jk=566e17bbc1712280
에프앤가이드 - 각 부문 (전문연구요원 포함),에프앤가이드,대한민국,https://kr.indeed.com/viewjob?jk=e2f9799770e14024
금융 데이터 분석 및 모델 개발,케이지제로인,대한민국,https://kr.indeed.com/viewjob?jk=d4c94aa1d7e84908
경영전략/Data Scientist 경력인재 - 글로벌 우량대기업,에스에프인촌,서울,https://kr.indeed.com/viewjob?jk=3b690fe6e13de3d8
풀무원식품㈜ Digital Smart Factory 운영관리 경력직 채용(음성),풀무원,충청북도,https://kr.indeed.com/viewjob?jk=465a5de3a714b1f9
"정보보호 엔지니어(보안개발, 서버보안) 모집",카카오,성남 판교역,https://kr.indeed.com/viewjob?jk=7e4150117819bbe4
[위메프오] 서버개발자(정규직),위메프,대한민국,https://kr.indeed.com/viewjob?jk=43f8edb38c7888c7
LCP Customer Support Engineer,ASML,대한민국,https://kr.indeed.com/viewjob?jk=87d89ada0a8d00c3
"Software Engineer - Algorithm, C++","Seoul Robotics USA, Inc.",서울,https://kr.indeed.com/viewjob?jk=052c7a57fd9e38bc
"Student Training in Engineering Program, 2021, People with D...",Google,서울,https://kr.indeed.com/viewjob?jk=76ef0d2df960b0f6
추천 통계분석/데이터사이언티스트,카카오,성남 판교역,https://kr.indeed.com/viewjob?jk=bfe0f5ac4f32ec89
[위메프서비스] E-Commerce 데이터엔지니어/NLP개발자(정규직),위메프,대한민국,https://kr.indeed.com/viewjob?jk=e36b281df2933890
[비바코리아]연구소 S/W 개발 신입/경력사원 모집의 기업정보,비바코리아,대한민국,https://kr.indeed.com/viewjob?jk=dc654779d2acaa35
AI/빅데이터/클라우드 분야 (인재 Pool),LG유플러스,서울,https://kr.indeed.com/viewjob?jk=be95b5718905880f
IT 및 대인(소액)보상 신입 및 경력직,전국렌터카공제조합,경기도,https://kr.indeed.com/viewjob?jk=16a3dc3b34b2f9ce
Business Analyst,Numerix,대한민국,https://kr.indeed.com/viewjob?jk=79304a56b5a6379b
[비바코리아]연구소 S/W 개발 신입/경력사원 모집의 기업정보,비바코리아,대한민국,https://kr.indeed.com/viewjob?jk=dc654779d2acaa35
"Student Training in Engineering Program, 2021, People with D...",Google,서울,https://kr.indeed.com/viewjob?jk=76ef0d2df960b0f6
Autonomous Driving 분야 엔지니어,포티투닷,서울 강남구,https://kr.indeed.com/viewjob?jk=1e974ff27c6eb340
AI/빅데이터/클라우드 분야 (인재 Pool),LG유플러스,서울,https://kr.indeed.com/viewjob?jk=be95b5718905880f
IT 및 대인(소액)보상 신입 및 경력직,전국렌터카공제조합,경기도,https://kr.indeed.com/viewjob?jk=16a3dc3b34b2f9ce
에프앤가이드 - 각 부문 (전문연구요원 포함),에프앤가이드,대한민국,https://kr.indeed.com/viewjob?jk=c988eaf9cbcecca9
Korean Computational Linguist - AI (Natural Language Reasoni...,MIND AI INC,서울,https://kr.indeed.com/viewjob?jk=3208b77b12fcc510
추천 통계분석/데이터사이언티스트,카카오,성남 판교역,https://kr.indeed.com/viewjob?jk=bfe0f5ac4f32ec89
[카카오커머스] 기술직군,카카오커머스,성남 분당구,https://kr.indeed.com/viewjob?jk=2b9e604e63e7e46d
FPGA 플랫폼 엔지니어 (딥러닝 하드웨어 프로세서 개발),딥엑스,성남 분당구,https://kr.indeed.com/viewjob?jk=e5448ffc7d6ecf02
"웹개발, 백엔드 외 경력 정규직",아이티엔제이,울산 남구,https://kr.indeed.com/viewjob?jk=7dbaa95d22eacd29
Graduate Energy Storage Engineer,Mott MacDonald,대한민국,https://kr.indeed.com/viewjob?jk=f6880357422fc8ad
글로벌 소셜 카지노 사업 PM (경력),네오위즈,대한민국,https://kr.indeed.com/viewjob?jk=4a3d9334130034fd
Brion Field Application Engineer_Hwasung,ASML,대한민국,https://kr.indeed.com/viewjob?jk=cf747f81b4fab2cc
지능형 플랫폼 소프트웨어 신입/경력 개발자,퀀텀솔루션,제주 제주시,https://kr.indeed.com/viewjob?jk=963d7f1025c24ded
"인공지능(AI), Python(응용프로그램 개발자) 외 신입/경력 정규직",쿠노소프트,서울 성북구,https://kr.indeed.com/viewjob?jk=8cc372a6b78679b1
[타다]데이터 분석가/사이언티스트,쏘카,제주도 제주,https://kr.indeed.com/viewjob?jk=3330430ae94277db
웹 개발자 경력 Java/Php/Javascript/Python/Html/CSS 등 프로젝트 경력자,바이오브레인,대전 서구,https://kr.indeed.com/viewjob?jk=941687b6bbb14d81
데이터 가공자,에스알유니버스,서울 마포구,https://kr.indeed.com/viewjob?jk=8f6bcf1ccccfbbba
전략개발팀 퀀트전략개발 / 데이터담당 팀원,콴텍투자자문(주),대한민국,https://kr.indeed.com/viewjob?jk=2c5ccc0e3e678659
데이터 사이언티스트 모집,카카오,성남 판교역,https://kr.indeed.com/viewjob?jk=0064deb5fa9cbce0
"S/W 엔지니어, 데이터분석 신입/경력 정규직, 인턴",가치랩스,성남 분당구,https://kr.indeed.com/viewjob?jk=5ea9ea023c6ccc03
침해사고 대응,NHN,성남 판교역,https://kr.indeed.com/viewjob?jk=06d133676285b02e
Python Programmer,Mofac,서울 서초구,https://kr.indeed.com/viewjob?jk=df21e3bb5d773616
버즈앤비(주) 데이터 엔지니어,버즈앤비,성남 분당구,https://kr.indeed.com/viewjob?jk=b65bcbbbb9a5f8e0
기술혁신센터 경력사원,삼성SDI,충청남도 천안,https://kr.indeed.com/viewjob?jk=45f9a39bdf645e57
2021년 상반기 R&D 개발자 (병역특례 가능/경력 무관),네오스텍,인천 연수구,https://kr.indeed.com/viewjob?jk=754be9e3d78fa802
Sr. Applications Scientist,Onto Innovation,대한민국,https://kr.indeed.com/viewjob?jk=97a2cf97ed2d2ed1
Analog Verification Engineer,Dialog Semiconductor,대한민국,https://kr.indeed.com/viewjob?jk=39e827a8a7606cc6
Software Engineer,Google,서울,https://kr.indeed.com/viewjob?jk=e7c8c2b11f24fb43
Shield Data Scientist,LINE Plus corporation,대한민국,https://kr.indeed.com/viewjob?jk=53f8e8ae0a381900
[진행중] 우리은행 빅데이터사업부 전문직(데이터사이언티스트-분석) 채용공고,우리은행,서울 회현동,https://kr.indeed.com/viewjob?jk=bb3dd73bc58c31af
[ICT 확산사업] 2021년 블록체인 교육비 무료 교육생,한국표준협회,서울,https://kr.indeed.com/viewjob?jk=c10064bea1536bfd
"백엔드, Python 외 경력 정규직, 계약직",트랜스버스,성남 분당구,https://kr.indeed.com/viewjob?jk=c02d60ec8ce427fc
R&D Data Analyst,Umicore,충청남도 천안,https://kr.indeed.com/viewjob?jk=8e403ecb8f2aaedc
카카오 데이터의 가치를 발굴할 데이터 분석가 모집,카카오,성남 판교역,https://kr.indeed.com/viewjob?jk=2b2dcd3ffe3d53df
디지털신사업본부 경력직(백엔드 엔지니어),교보증권,서울 영등포구,https://kr.indeed.com/viewjob?jk=2a733e0f032306a5
인공지능연구소 우수인력 초빙 - 연구원 및 연구관리직 -,광주과학기술원,광주 북구,https://kr.indeed.com/viewjob?jk=c80b67aa02a7b226
[개발자] 모비데이즈 프론트엔드 개발자 경력직 채용,Mobidays,서울특별시,https://kr.indeed.com/viewjob?jk=115c46e0d1df11d8
Developer / Designer recruit,마이뮤직테이스트,서울 논현동,https://kr.indeed.com/viewjob?jk=55a19c92c845685e
"PHP, Python 신입/경력 정규직",비즈부스터,서울 금천구,https://kr.indeed.com/viewjob?jk=14d562d10c215572
R&D 경력사원 (기판/전력전자/Actuator/렌즈/AI/SW),LG이노텍,서울 마곡역,https://kr.indeed.com/viewjob?jk=eb653c2f2346cce9
Support Escalation Engineer,Microsoft,서울,https://kr.indeed.com/viewjob?jk=8e2a524c4d0fc88b
기술 인턴 인공지능 응용 연구/개발 인턴,써로마인드로보틱스,서울 관악구,https://kr.indeed.com/viewjob?jk=71c47ac87bb4087e
데이터 전문가(모델러/분석가/엔지니어) 모집,카카오,성남 판교역,https://kr.indeed.com/viewjob?jk=ac9068957c550cb3
Analytics Consultant - PharmDash (Korea),Prospection Pty,대한민국,https://kr.indeed.com/viewjob?jk=91097e65849243a2
퀀트운용본부 경력직,디비자산운용,대한민국,https://kr.indeed.com/viewjob?jk=b0bd6679d8ff0c60
Expat: Experimental Physicist / Engineer for Electron Optics...,IMS Nanofabrication GmbH,경기도 화성,https://kr.indeed.com/viewjob?jk=b9f3146c44c4ae70
DGIST 제2차 계약직 연구원 채용공고,대구경북과학기술원,대구 현풍면,https://kr.indeed.com/viewjob?jk=2cfd15907402c5cc
Deep Learning Researcher – On-device AI theory and algorithm,Qualcomm Korea YH,서울,https://kr.indeed.com/viewjob?jk=c2f5f53dc48263eb
